{"stat.leaveGame":34,"stat.useItem.harvestcraft.amaranthitem":4,"stat.craftItem.minecraft.iron_axe":2,"stat.mineBlock.basemetals.copper_ore":2,"stat.craftItem.spartanweaponry.greatsword_stone":1,"stat.useItem.minecraft.planks":9,"stat.pickup.minecraft.porkchop":65,"stat.pickup.tetra.journal":1,"stat.pickup.harvestcraft.calamarirawitem":2,"stat.useItem.minecraft.water_bucket":30,"stat.pickup.minecraft.rotten_flesh":109,"stat.pickup.minecraft.sand":53,"stat.craftItem.minecraft.stone_axe":1,"stat.drop.harvestcraft.tealeafitem":4,"stat.pickup.harvestcraft.sweetpotatoitem":2,"stat.useItem.minecraft.birch_boat":5,"stat.pickup.futuremc.stripped_birch_log":2,"stat.pickup.harvestcraft.wintersquashitem":13,"stat.killEntity.Enderman":1,"stat.pickup.spartanweaponry.greatsword_stone":1,"stat.pickup.harvestcraft.radishitem":1,"stat.craftItem.minecraft.iron_shovel":1,"stat.useItem.minecraft.ender_pearl":1,"stat.mineBlock.minecraft.sand":53,"stat.killEntity.Witch":2,"stat.pickup.harvestcraft.scallionitem":2,"stat.craftItem.harvestcraft.paperbark_sapling":1,"stat.craftItem.spartanshields.shield_basic_wood":1,"stat.drop.harvestcraft.radishitem":1,"stat.hopperInspected":5,"stat.useItem.minecraft.iron_pickaxe":830,"stat.craftItem.minecraft.wooden_pickaxe":1,"stat.useItem.minecraft.iron_shovel":263,"stat.pickup.harvestcraft.rhubarbitem":2,"stat.mineBlock.basemetals.nickel_ore":4,"stat.pickup.harvestcraft.onionitem":33,"stat.mineBlock.minecraft.vine":27,"stat.mineBlock.minecraft.hopper":1,"stat.furnaceInteraction":94,"stat.mineBlock.minecraft.rail":12,"stat.craftItem.spartanweaponry.material":12,"stat.killEntity.ZombieVillager":4,"stat.pickup.harvestcraft.cornitem":41,"stat.mineBlock.futuremc.cornflower":1,"stat.useItem.harvestcraft.leekitem":1,"stat.pickup.basemetals.zinc_ore":2,"stat.pickup.harvestcraft.turnipitem":5,"stat.useItem.minecraft.cooked_mutton":13,"stat.mineBlock.harvestcraft.windygarden":105,"stat.craftItem.futuremc.dye":3,"stat.craftItem.spartanweaponry.dagger_stone":4,"stat.mineBlock.minecraft.fence":10,"stat.craftItem.tetra.duplex_tool_modular":3,"stat.pickup.minecraft.pumpkin_seeds":4,"stat.pickup.basemetals.nickel_ore":4,"stat.useItem.tetra.duplex_tool_modular":1247,"stat.useItem.minecraft.dye":61,"stat.pickup.basemetals.copper_ore":2,"stat.deaths":3,"stat.pickup.minecraft.egg":9,"stat.playOneMinute":460732,"stat.craftItem.minecraft.iron_pickaxe":6,"stat.craftItem.craftingstation.crafting_station":2,"stat.pickup.packedup.ironbackpack":1,"stat.mineBlock.minecraft.tallgrass":84,"stat.craftItem.minecraft.cooked_mutton":19,"stat.pickup.bountifulbaubles.potionwormhole":3,"stat.chestOpened":171,"stat.useItem.minecraft.splash_potion":1,"stat.pickup.harvestcraft.tomatoitem":1,"stat.useItem.minecraft.stone":33,"stat.pickup.minecraft.arrow":9,"stat.drop.minecraft.flint":1,"stat.craftItem.minecraft.coal":1,"stat.pickup.harvestcraft.chilipepperitem":21,"stat.drop.minecraft.iron_pickaxe":1,"stat.fallOneCm":105097,"stat.pickup.minecraft.carrot":15,"stat.pickup.minecraft.melon_seeds":3,"stat.pickup.basemetals.silver_ore":13,"stat.crouchOneCm":8801,"stat.useItem.harvestcraft.chilipepperitem":2,"stat.pickup.minecraft.rail":21,"stat.mineBlock.minecraft.chest":9,"stat.craftItem.minecraft.iron_ingot":101,"stat.craftItem.minecraft.chest":7,"stat.useItem.harvestcraft.bellpepperitem":3,"stat.pickup.harvestcraft.walnutitem":6,"stat.craftItem.minecraft.hopper":3,"stat.craftingTableInteraction":118,"stat.craftItem.harvestcraft.teaseeditem":93,"stat.useItem.minecraft.furnace":1,"stat.useItem.minecraft.reeds":4,"stat.pickup.minecraft.birch_boat":2,"stat.pickup.minecraft.dye":507,"stat.drop.harvestcraft.cucumberitem":2,"stat.pickup.minecraft.planks":148,"stat.useItem.harvestcraft.lettuceitem":1,"stat.killEntity.Llama":9,"stat.pickup.minecraft.wheat_seeds":16,"stat.mineBlock.minecraft.gravel":16,"stat.useItem.minecraft.stone_pickaxe":131,"stat.craftItem.minecraft.iron_leggings":1,"stat.useItem.minecraft.wool":2,"stat.mineBlock.basemetals.silver_ore":11,"stat.mineBlock.minecraft.dirt":288,"stat.craftItem.minecraft.leather":39,"stat.craftItem.securitycraft.dirt_mine":3,"stat.useItem.minecraft.torch":462,"stat.useItem.minecraft.bread":4,"stat.useItem.spartanweaponry.dagger_stone":37,"stat.mineBlock.harvestcraft.pampaperbark":3,"stat.pickup.tetra.duplex_tool_modular":2,"stat.drop.minecraft.rotten_flesh":1,"stat.pickup.minecraft.crafting_table":3,"stat.useItem.minecraft.log":2,"stat.useItem.minecraft.cobblestone":468,"stat.craftItem.minecraft.crafting_table":8,"stat.useItem.minecraft.gravel":1,"stat.mineBlock.minecraft.double_plant":2,"stat.craftItem.spartanweaponry.halberd_nickel":2,"stat.pickup.basemetals.mercury_ore":2,"stat.pickup.minecraft.log":53,"stat.useItem.harvestcraft.sweetpotatoitem":2,"stat.pickup.minecraft.iron_pickaxe":3,"stat.craftItem.minecraft.gold_ingot":8,"stat.drop.minecraft.sapling":2,"stat.pickup.minecraft.hopper":1,"stat.pickup.minecraft.sapling":21,"stat.pickup.minecraft.apple":1,"stat.craftItem.spartanweaponry.mace_stone":1,"stat.pickup.harvestcraft.parsnipitem":31,"stat.craftItem.minecraft.bucket":1,"stat.craftItem.minecraft.planks":168,"stat.useItem.minecraft.iron_sword":42,"stat.pickup.futuremc.cornflower":2,"stat.drop.comforts.sleeping_bag":1,"stat.mineBlock.minecraft.log":53,"stat.mineBlock.basemetals.zinc_ore":2,"stat.pickup.artifacts.flame_pendant":3,"stat.craftItem.minecraft.paper":6,"stat.pickup.harvestcraft.juteitem":2,"stat.sneakTime":5649,"stat.pickup.harvestcraft.tealeafitem":193,"stat.pickup.minecraft.wool":17,"stat.useItem.minecraft.wooden_axe":27,"stat.pickup.minecraft.stone_slab":7,"stat.pickup.minecraft.yellow_flower":4,"stat.pickup.minecraft.chest":12,"stat.craftItem.minecraft.enchanting_table":1,"stat.pickup.minecraft.bone":23,"stat.craftItem.packedup.ironbackpack":1,"stat.useItem.minecraft.iron_axe":137,"stat.mineBlock.minecraft.cobblestone":107,"stat.pickup.minecraft.flint":2,"stat.useItem.harvestcraft.tealeafitem":13,"stat.craftItem.minecraft.wool":2,"stat.pickup.basemetals.lead_ore":12,"stat.swimOneCm":105119,"stat.craftItem.basemetals.silver_ingot":6,"stat.climbOneCm":65751,"stat.pickup.harvestcraft.artichokeitem":41,"stat.craftItem.securitycraft.mine":3,"stat.drop.minecraft.cobblestone":2,"stat.useItem.harvestcraft.strawberryitem":1,"stat.useItem.securitycraft.dirt_mine":1,"stat.useItem.harvestcraft.teaseeditem":88,"stat.useItem.minecraft.dirt":215,"stat.useItem.harvestcraft.tomatoitem":1,"stat.useItem.minecraft.stone_slab2":101,"stat.useItem.harvestcraft.barleyitem":2,"stat.pickup.minecraft.iron_boots":1,"stat.useItem.harvestcraft.wintersquashitem":2,"stat.craftItem.minecraft.furnace":5,"stat.killEntity.artifacts.mimic":4,"stat.useItem.minecraft.egg":31,"stat.craftItem.minecraft.iron_boots":1,"stat.craftItem.minecraft.spruce_boat":1,"stat.craftItem.minecraft.stone_pickaxe":1,"stat.mineBlock.minecraft.obsidian":4,"stat.pickup.minecraft.cobblestone":1307,"stat.mineBlock.minecraft.clay":4,"stat.useItem.harvestcraft.juteitem":2,"stat.flyOneCm":499097,"stat.pickup.minecraft.fish":1,"stat.pickup.spartanweaponry.dagger_stone":3,"stat.drop.minecraft.wheat_seeds":4,"stat.pickup.harvestcraft.leekitem":1,"stat.pickup.minecraft.redstone":498,"stat.mineBlock.minecraft.iron_ore":346,"stat.craftItem.minecraft.book":1,"stat.timeSinceDeath":419656,"stat.useItem.harvestcraft.peanutitem":3,"stat.pickup.minecraft.mutton":19,"stat.pickup.minecraft.mossy_cobblestone":29,"stat.killEntity.Bat":3,"stat.pickup.travelersbackpack.travelers_backpack":1,"stat.useItem.minecraft.potato":1,"stat.useItem.harvestcraft.cornitem":1,"stat.pickup.minecraft.stonebrick":28,"stat.drop.spartanweaponry.greatsword_stone":1,"stat.useItem.minecraft.cooked_porkchop":12,"stat.mineBlock.basemetals.mercury_ore":2,"stat.mineBlock.minecraft.coal_ore":167,"stat.killEntity.Creeper":9,"stat.talkedToVillager":2,"stat.pickup.minecraft.string":20,"stat.craftItem.packedup.basicbackpack":1,"stat.pickup.comforts.sleeping_bag":3,"stat.pickup.spartanweaponry.material":1,"stat.mineBlock.minecraft.ladder":3,"stat.entityKilledBy.Skeleton":2,"stat.useItem.spartanweaponry.mace_stone":135,"stat.craftItem.minecraft.stone_slab2":0,"stat.killEntity.Squid":1,"stat.sprintOneCm":875956,"stat.mineBlock.minecraft.stone_slab":6,"stat.craftItem.minecraft.stick":180,"stat.craftItem.minecraft.wooden_axe":1,"stat.useItem.minecraft.stone_slab":9,"stat.mineBlock.harvestcraft.pamwalnut":3,"stat.craftItem.minecraft.stone":44,"stat.mineBlock.minecraft.diamond_ore":11,"stat.pickup.harvestcraft.barleyitem":34,"stat.mineBlock.minecraft.crafting_table":2,"stat.useItem.minecraft.diamond_pickaxe":360,"stat.useItem.minecraft.carrot":12,"stat.useItem.minecraft.wheat":5,"stat.pickup.harvestcraft.mustardseedsitem":24,"stat.drop.harvestcraft.spiceleafitem":1,"stat.mineBlock.minecraft.planks":59,"stat.pickup.tetra.geode":1,"stat.drop":23,"stat.pickup.harvestcraft.flaxitem":11,"stat.killEntity.Sheep":14,"stat.useItem.minecraft.ladder":15,"stat.pickup.minecraft.slime_ball":2,"stat.craftItem.minecraft.diamond_pickaxe":1,"stat.killEntity.Zombie":592,"stat.craftItem.minecraft.dye":74,"stat.mineBlock.tetra.workbench":1,"stat.craftItem.basemetals.zinc_ingot":2,"stat.mineBlock.minecraft.gold_ore":22,"stat.diveOneCm":108502,"stat.pickup.minecraft.wheat":24,"stat.pickup.harvestcraft.garlicitem":3,"stat.mineBlock.minecraft.mossy_cobblestone":29,"stat.useItem.spartanweaponry.halberd_nickel":199,"stat.craftItem.minecraft.ladder":15,"stat.pickup.minecraft.gravel":23,"stat.craftItem.minecraft.cooked_porkchop":12,"stat.killEntity.Slime":1,"stat.useItem.minecraft.apple":1,"stat.pickup.minecraft.obsidian":4,"stat.useItem.minecraft.porkchop":3,"stat.useItem.minecraft.rotten_flesh":143,"stat.jump":4407,"stat.pickup.minecraft.fence":12,"stat.pickup.minecraft.coal":167,"stat.drop.bountifulbaubles.potionwormhole":4,"stat.pickup.minecraft.iron_helmet":1,"stat.pickup.minecraft.iron_ingot":289,"stat.craftItem.minecraft.birch_boat":3,"stat.useItem.minecraft.stone_axe":94,"stat.pickup.minecraft.gunpowder":14,"stat.pickup.harvestcraft.peanutitem":19,"stat.mineBlock.harvestcraft.shadedgarden":7,"stat.pickup.minecraft.spider_eye":1,"stat.craftItem.minecraft.torch":348,"stat.pickup.minecraft.dirt":384,"stat.craftItem.minecraft.iron_helmet":1,"stat.pickup.harvestcraft.bellpepperitem":27,"stat.craftItem.comforts.sleeping_bag":2,"stat.pickup.minecraft.iron_ore":425,"stat.useItem.minecraft.glass":4,"stat.boatOneCm":92079,"stat.useItem.minecraft.sapling":4,"stat.pickup.minecraft.gold_ore":34,"stat.mineBlock.minecraft.lapis_ore":48,"stat.damageTaken":3639,"stat.pickup.minecraft.leather":10,"stat.useItem.harvestcraft.flaxitem":5,"stat.mineBlock.minecraft.torch":63,"stat.craftItem.basemetals.lead_ingot":1,"stat.useItem.minecraft.wooden_pickaxe":3,"stat.useItem.harvestcraft.radishitem":3,"stat.useItem.spartanweaponry.greatsword_stone":132,"stat.pickup.basemetals.zinc_ingot":4,"stat.pickup.minecraft.reeds":14,"stat.pickup.artifacts.thorn_pendant":2,"stat.pickup.minecraft.potato":22,"stat.entityKilledBy.Zombie":1,"stat.damageDealt":63740,"stat.craftItem.minecraft.glass":8,"stat.mineBlock.futuremc.stripped_birch_log":2,"stat.sleepInBed":12,"stat.pickup.harvestcraft.lettuceitem":29,"stat.pickup.minecraft.minecart":4,"stat.useItem.tetra.sword_modular":557,"stat.killEntity.Pig":28,"stat.pickup.artifacts.shiny_red_balloon":2,"stat.pickup.harvestcraft.elderberryitem":14,"stat.craftItem.minecraft.iron_sword":1,"stat.useItem.harvestcraft.onionitem":1,"stat.craftItem.minecraft.stone_slab":6,"stat.walkOneCm":824418,"stat.useItem.minecraft.chest":4,"stat.pickup.minecraft.stick":10,"stat.pickup.minecraft.clay_ball":16,"stat.useItem.minecraft.lava_bucket":12,"stat.useItem.minecraft.spruce_boat":1,"stat.pickup.minecraft.tnt":3,"stat.pickup.harvestcraft.spiceleafitem":1,"stat.pickup.minecraft.stone":235,"stat.useItem.harvestcraft.scallionitem":2,"stat.craftItem.minecraft.iron_chestplate":1,"stat.mineBlock.minecraft.wool":2,"stat.pickup.minecraft.ender_pearl":1,"stat.pickup.minecraft.ladder":5,"stat.killEntity.futuremc:salmon":1,"stat.pickup.minecraft.gold_ingot":3,"stat.killEntity.Skeleton":11,"stat.pickup.harvestcraft.amaranthitem":34,"stat.mineBlock.minecraft.stonebrick":27,"stat.useItem.harvestcraft.parsnipitem":5,"stat.killEntity.Chicken":2,"stat.pickup.harvestcraft.cucumberitem":35,"stat.killEntity.Spider":5,"stat.pickup.harvestcraft.strawberryitem":25,"stat.mobKills":693,"stat.mineBlock.basemetals.lead_ore":8,"stat.pickup.minecraft.diamond":11,"stat.mineBlock.minecraft.leaves":11,"stat.pickup.minecraft.iron_horse_armor":3,"stat.pickup.minecraft.beetroot_seeds":2,"stat.pickup.minecraft.torch":114,"stat.mineBlock.minecraft.redstone_ore":77,"stat.mineBlock.minecraft.stone":1433}