{"stat.leaveGame":39,"stat.useItem.harvestcraft.amaranthitem":4,"stat.craftItem.spartanweaponry.greatsword_stone":1,"stat.pickup.harvestcraft.calamarirawitem":2,"stat.pickup.minecraft.rotten_flesh":120,"stat.craftItem.minecraft.stone_axe":1,"stat.drop.harvestcraft.tealeafitem":4,"stat.useItem.minecraft.birch_boat":5,"stat.killEntity.Enderman":1,"stat.pickup.spartanweaponry.greatsword_stone":1,"stat.pickup.harvestcraft.radishitem":1,"stat.craftItem.minecraft.iron_shovel":1,"stat.killEntity.Witch":2,"stat.pickup.artifacts.lucky_horseshoe":3,"stat.pickup.harvestcraft.scallionitem":2,"stat.craftItem.harvestcraft.paperbark_sapling":1,"stat.drop.harvestcraft.radishitem":1,"stat.useItem.minecraft.iron_pickaxe":872,"stat.craftItem.minecraft.wooden_pickaxe":1,"stat.useItem.minecraft.iron_shovel":263,"stat.pickup.harvestcraft.rhubarbitem":2,"stat.drop.tetra.duplex_tool_modular":1,"stat.craftItem.minecraft.glass_pane":16,"stat.pickup.harvestcraft.onionitem":33,"stat.mineBlock.minecraft.vine":28,"stat.mineBlock.minecraft.hopper":1,"stat.furnaceInteraction":138,"stat.mineBlock.minecraft.rail":12,"stat.craftItem.spartanweaponry.material":12,"stat.killEntity.ZombieVillager":4,"stat.pickup.harvestcraft.cornitem":41,"stat.craftItem.futuremc.dye":3,"stat.useItem.minecraft.fence":10,"stat.mineBlock.minecraft.fence":10,"stat.craftItem.securitycraft.laser_block":1,"stat.useItem.minecraft.dye":71,"stat.deaths":3,"stat.pickup.minecraft.egg":15,"stat.craftItem.minecraft.iron_pickaxe":6,"stat.craftItem.craftingstation.crafting_station":2,"stat.pickup.packedup.ironbackpack":1,"stat.mineBlock.minecraft.tallgrass":125,"stat.craftItem.minecraft.cooked_mutton":19,"stat.pickup.bountifulbaubles.potionwormhole":3,"stat.chestOpened":335,"stat.useItem.minecraft.splash_potion":1,"stat.useItem.minecraft.stone":35,"stat.pickup.minecraft.arrow":12,"stat.craftItem.minecraft.coal":1,"stat.pickup.harvestcraft.chilipepperitem":21,"stat.drop.minecraft.iron_pickaxe":1,"stat.pickup.minecraft.carrot":33,"stat.crouchOneCm":11392,"stat.pickup.minecraft.rail":23,"stat.mineBlock.minecraft.chest":9,"stat.craftItem.minecraft.iron_ingot":279,"stat.pickup.harvestcraft.walnutitem":6,"stat.craftItem.minecraft.hopper":3,"stat.craftingTableInteraction":155,"stat.useItem.minecraft.reeds":13,"stat.pickup.minecraft.birch_boat":4,"stat.pickup.minecraft.dye":507,"stat.pickup.minecraft.planks":177,"stat.useItem.harvestcraft.lettuceitem":1,"stat.pickup.minecraft.wheat_seeds":45,"stat.mineBlock.minecraft.dirt":580,"stat.useItem.minecraft.bread":4,"stat.useItem.spartanweaponry.dagger_stone":37,"stat.pickup.tetra.duplex_tool_modular":3,"stat.drop.minecraft.rotten_flesh":1,"stat.craftItem.securitycraft.portable_radar":2,"stat.useItem.minecraft.cobblestone":610,"stat.useItem.minecraft.gravel":1,"stat.mineBlock.minecraft.double_plant":2,"stat.craftItem.spartanweaponry.halberd_nickel":2,"stat.useItem.harvestcraft.sweetpotatoitem":2,"stat.pickup.minecraft.iron_pickaxe":3,"stat.craftItem.minecraft.gold_ingot":22,"stat.drop.minecraft.sapling":2,"stat.pickup.minecraft.hopper":1,"stat.pickup.minecraft.chicken":1,"stat.pickup.minecraft.apple":1,"stat.craftItem.spartanweaponry.mace_stone":1,"stat.craftItem.minecraft.bucket":1,"stat.craftItem.minecraft.planks":180,"stat.useItem.minecraft.iron_sword":42,"stat.pickup.futuremc.cornflower":29,"stat.mineBlock.minecraft.log":72,"stat.useItem.carryon.entity_item":1,"stat.craftItem.minecraft.paper":18,"stat.pickup.minecraft.wool":17,"stat.useItem.minecraft.wooden_axe":27,"stat.useItem.minecraft.iron_axe":137,"stat.mineBlock.minecraft.cobblestone":114,"stat.pickup.minecraft.flint":2,"stat.craftItem.minecraft.wool":2,"stat.pickup.basemetals.lead_ore":12,"stat.craftItem.basemetals.silver_ingot":6,"stat.drop.minecraft.cobblestone":2,"stat.useItem.securitycraft.dirt_mine":1,"stat.useItem.harvestcraft.teaseeditem":88,"stat.useItem.harvestcraft.tomatoitem":1,"stat.useItem.minecraft.stone_slab2":153,"stat.pickup.minecraft.iron_boots":1,"stat.useItem.harvestcraft.wintersquashitem":2,"stat.craftItem.minecraft.furnace":6,"stat.useItem.minecraft.egg":78,"stat.craftItem.minecraft.iron_boots":1,"stat.craftItem.minecraft.spruce_boat":1,"stat.mineBlock.minecraft.obsidian":4,"stat.craftItem.minecraft.bow":2,"stat.pickup.harvestcraft.jicamaitem":1,"stat.mineBlock.minecraft.clay":4,"stat.flyOneCm":616091,"stat.pickup.minecraft.fish":1,"stat.timeSinceDeath":555272,"stat.craftItem.minecraft.iron_block":3,"stat.killEntity.Bat":3,"stat.pickup.travelersbackpack.travelers_backpack":1,"stat.useItem.minecraft.potato":1,"stat.mineBlock.basemetals.mercury_ore":2,"stat.mineBlock.minecraft.coal_ore":273,"stat.killEntity.Creeper":9,"stat.talkedToVillager":2,"stat.pickup.minecraft.string":20,"stat.craftItem.packedup.basicbackpack":1,"stat.pickup.comforts.sleeping_bag":4,"stat.mineBlock.minecraft.ladder":4,"stat.entityKilledBy.Skeleton":2,"stat.useItem.spartanweaponry.mace_stone":135,"stat.killEntity.Squid":1,"stat.sprintOneCm":1077902,"stat.mineBlock.minecraft.stone_slab":7,"stat.craftItem.minecraft.wooden_axe":1,"stat.mineBlock.minecraft.diamond_ore":11,"stat.pickup.harvestcraft.mustardseedsitem":24,"stat.pickup.tetra.geode":1,"stat.pickup.harvestcraft.flaxitem":11,"stat.useItem.minecraft.ladder":37,"stat.killEntity.Zombie":753,"stat.craftItem.minecraft.dye":80,"stat.craftItem.basemetals.zinc_ingot":2,"stat.mineBlock.minecraft.gold_ore":22,"stat.diveOneCm":165562,"stat.pickup.minecraft.wheat":24,"stat.mineBlock.minecraft.mossy_cobblestone":29,"stat.craftItem.minecraft.ladder":15,"stat.craftItem.minecraft.cooked_porkchop":12,"stat.pickup.minecraft.obsidian":4,"stat.useItem.minecraft.rotten_flesh":182,"stat.jump":5527,"stat.pickup.minecraft.coal":273,"stat.pickup.minecraft.iron_ingot":289,"stat.pickup.minecraft.gunpowder":14,"stat.pickup.harvestcraft.milletitem":1,"stat.craftItem.minecraft.torch":420,"stat.pickup.minecraft.dirt":691,"stat.craftItem.comforts.sleeping_bag":2,"stat.useItem.minecraft.glass":4,"stat.useItem.minecraft.sapling":5,"stat.pickup.minecraft.gold_ore":34,"stat.mineBlock.minecraft.lapis_ore":48,"stat.damageTaken":3954,"stat.mineBlock.minecraft.torch":101,"stat.craftItem.basemetals.lead_ingot":1,"stat.useItem.harvestcraft.radishitem":3,"stat.useItem.spartanweaponry.greatsword_stone":132,"stat.pickup.basemetals.zinc_ingot":4,"stat.pickup.minecraft.log2":5,"stat.pickup.artifacts.thorn_pendant":2,"stat.useItem.minecraft.birch_fence":3,"stat.pickup.minecraft.potato":22,"stat.entityKilledBy.Zombie":1,"stat.pickup.harvestcraft.lettuceitem":29,"stat.useItem.tetra.sword_modular":784,"stat.pickup.artifacts.shiny_red_balloon":2,"stat.useItem.harvestcraft.onionitem":1,"stat.craftItem.minecraft.stone_slab":6,"stat.craftItem.securitycraft.universal_block_reinforcer_lvl1":2,"stat.animalsBred":4,"stat.useItem.minecraft.chest":7,"stat.useItem.minecraft.lava_bucket":12,"stat.pickup.harvestcraft.spiceleafitem":1,"stat.useItem.harvestcraft.scallionitem":2,"stat.craftItem.minecraft.iron_chestplate":1,"stat.pickup.minecraft.ender_pearl":1,"stat.pickup.minecraft.ladder":6,"stat.craftItem.minecraft.bookshelf":5,"stat.mineBlock.minecraft.stonebrick":27,"stat.useItem.harvestcraft.parsnipitem":5,"stat.pickup.securitycraft.reinforced_dispenser":1,"stat.pickup.harvestcraft.cucumberitem":35,"stat.pickup.harvestcraft.strawberryitem":25,"stat.mobKills":869,"stat.mineBlock.basemetals.lead_ore":8,"stat.pickup.minecraft.diamond":11,"stat.pickup.minecraft.iron_horse_armor":3,"stat.pickup.minecraft.beetroot_seeds":2,"stat.pickup.minecraft.torch":165,"stat.useItem.minecraft.bookshelf":4,"stat.craftItem.minecraft.iron_axe":2,"stat.mineBlock.basemetals.copper_ore":2,"stat.useItem.minecraft.planks":10,"stat.pickup.minecraft.porkchop":65,"stat.pickup.tetra.journal":1,"stat.useItem.minecraft.water_bucket":37,"stat.pickup.minecraft.sand":53,"stat.pickup.harvestcraft.sweetpotatoitem":2,"stat.pickup.futuremc.stripped_birch_log":2,"stat.pickup.harvestcraft.wintersquashitem":13,"stat.useItem.minecraft.ender_pearl":1,"stat.mineBlock.minecraft.sand":53,"stat.craftItem.spartanshields.shield_basic_wood":1,"stat.hopperInspected":6,"stat.mineBlock.basemetals.nickel_ore":4,"stat.mineBlock.futuremc.cornflower":1,"stat.useItem.harvestcraft.leekitem":1,"stat.pickup.basemetals.zinc_ore":2,"stat.pickup.harvestcraft.turnipitem":5,"stat.useItem.minecraft.cooked_mutton":13,"stat.mineBlock.harvestcraft.windygarden":105,"stat.craftItem.spartanweaponry.dagger_stone":4,"stat.craftItem.tetra.duplex_tool_modular":3,"stat.pickup.minecraft.pumpkin_seeds":4,"stat.pickup.basemetals.nickel_ore":4,"stat.useItem.tetra.duplex_tool_modular":1882,"stat.pickup.basemetals.copper_ore":2,"stat.playOneMinute":596348,"stat.drop.minecraft.string":1,"stat.pickup.harvestcraft.cottonitem":1,"stat.pickup.harvestcraft.tomatoitem":1,"stat.drop.minecraft.flint":1,"stat.fallOneCm":127241,"stat.pickup.minecraft.melon_seeds":3,"stat.pickup.basemetals.silver_ore":13,"stat.useItem.harvestcraft.chilipepperitem":2,"stat.craftItem.minecraft.chest":7,"stat.useItem.harvestcraft.bellpepperitem":3,"stat.craftItem.harvestcraft.teaseeditem":93,"stat.pickup.minecraft.feather":2,"stat.useItem.minecraft.furnace":1,"stat.drop.harvestcraft.cucumberitem":2,"stat.killEntity.Llama":9,"stat.mineBlock.minecraft.gravel":24,"stat.useItem.minecraft.stone_pickaxe":131,"stat.craftItem.minecraft.iron_leggings":1,"stat.useItem.minecraft.wool":2,"stat.mineBlock.basemetals.silver_ore":11,"stat.craftItem.minecraft.leather":75,"stat.craftItem.securitycraft.dirt_mine":3,"stat.useItem.minecraft.torch":533,"stat.mineBlock.harvestcraft.pampaperbark":3,"stat.craftItem.minecraft.redstone_block":7,"stat.pickup.minecraft.crafting_table":3,"stat.useItem.minecraft.log":2,"stat.craftItem.minecraft.crafting_table":8,"stat.pickup.basemetals.mercury_ore":2,"stat.pickup.minecraft.log":73,"stat.pickup.minecraft.sapling":24,"stat.pickup.harvestcraft.parsnipitem":31,"stat.drop.comforts.sleeping_bag":1,"stat.mineBlock.basemetals.zinc_ore":2,"stat.pickup.artifacts.flame_pendant":3,"stat.pickup.harvestcraft.juteitem":2,"stat.sneakTime":6697,"stat.pickup.harvestcraft.tealeafitem":404,"stat.pickup.minecraft.stone_slab":9,"stat.pickup.minecraft.yellow_flower":4,"stat.pickup.minecraft.chest":12,"stat.craftItem.minecraft.enchanting_table":1,"stat.pickup.minecraft.bone":25,"stat.craftItem.packedup.ironbackpack":1,"stat.useItem.harvestcraft.tealeafitem":14,"stat.craftItem.securitycraft.sentry":2,"stat.swimOneCm":122225,"stat.climbOneCm":114729,"stat.pickup.harvestcraft.artichokeitem":41,"stat.craftItem.securitycraft.mine":3,"stat.useItem.harvestcraft.strawberryitem":1,"stat.useItem.minecraft.dirt":478,"stat.useItem.harvestcraft.barleyitem":2,"stat.killEntity.artifacts.mimic":5,"stat.pickup.securitycraft.reinforced_metals":3,"stat.craftItem.minecraft.stone_pickaxe":1,"stat.pickup.minecraft.cobblestone":1396,"stat.useItem.harvestcraft.juteitem":2,"stat.pickup.spartanweaponry.dagger_stone":3,"stat.drop.minecraft.wheat_seeds":11,"stat.pickup.harvestcraft.leekitem":1,"stat.pickup.minecraft.redstone":501,"stat.craftItem.minecraft.dispenser":2,"stat.mineBlock.minecraft.iron_ore":363,"stat.craftItem.minecraft.book":9,"stat.useItem.harvestcraft.peanutitem":3,"stat.pickup.minecraft.mutton":19,"stat.pickup.minecraft.mossy_cobblestone":29,"stat.useItem.harvestcraft.cornitem":1,"stat.pickup.minecraft.stonebrick":28,"stat.drop.spartanweaponry.greatsword_stone":1,"stat.drop.minecraft.dirt":1,"stat.useItem.minecraft.cooked_porkchop":12,"stat.pickup.spartanweaponry.material":1,"stat.craftItem.minecraft.stone_slab2":0,"stat.craftItem.minecraft.stick":280,"stat.useItem.minecraft.stone_slab":10,"stat.mineBlock.harvestcraft.pamwalnut":3,"stat.craftItem.minecraft.stone":44,"stat.pickup.harvestcraft.barleyitem":34,"stat.mineBlock.minecraft.crafting_table":2,"stat.useItem.minecraft.diamond_pickaxe":399,"stat.useItem.minecraft.carrot":22,"stat.useItem.minecraft.wheat":5,"stat.drop.harvestcraft.spiceleafitem":1,"stat.mineBlock.minecraft.planks":88,"stat.drop":33,"stat.killEntity.Sheep":14,"stat.pickup.minecraft.slime_ball":2,"stat.craftItem.minecraft.diamond_pickaxe":1,"stat.mineBlock.tetra.workbench":1,"stat.pickup.harvestcraft.garlicitem":3,"stat.useItem.spartanweaponry.halberd_nickel":199,"stat.pickup.minecraft.gravel":31,"stat.killEntity.Slime":1,"stat.useItem.minecraft.apple":1,"stat.useItem.minecraft.porkchop":3,"stat.craftItem.harvestcraft.cuttingboarditem":1,"stat.pickup.minecraft.fence":12,"stat.drop.bountifulbaubles.potionwormhole":4,"stat.pickup.minecraft.iron_helmet":1,"stat.craftItem.minecraft.birch_boat":3,"stat.useItem.minecraft.stone_axe":94,"stat.pickup.harvestcraft.peanutitem":19,"stat.mineBlock.harvestcraft.shadedgarden":7,"stat.pickup.minecraft.spider_eye":1,"stat.craftItem.minecraft.iron_helmet":1,"stat.pickup.harvestcraft.bellpepperitem":27,"stat.pickup.minecraft.iron_ore":442,"stat.boatOneCm":92079,"stat.pickup.minecraft.leather":15,"stat.useItem.harvestcraft.flaxitem":5,"stat.useItem.minecraft.wooden_pickaxe":3,"stat.pickup.minecraft.reeds":84,"stat.damageDealt":76227,"stat.craftItem.minecraft.glass":53,"stat.mineBlock.futuremc.stripped_birch_log":2,"stat.sleepInBed":17,"stat.pickup.minecraft.minecart":4,"stat.killEntity.Pig":28,"stat.pickup.harvestcraft.elderberryitem":14,"stat.craftItem.minecraft.iron_sword":1,"stat.walkOneCm":1074820,"stat.pickup.minecraft.stick":10,"stat.pickup.minecraft.clay_ball":16,"stat.useItem.minecraft.spruce_boat":1,"stat.pickup.minecraft.tnt":3,"stat.pickup.minecraft.stone":264,"stat.mineBlock.minecraft.wool":2,"stat.killEntity.futuremc:salmon":1,"stat.pickup.minecraft.gold_ingot":4,"stat.killEntity.Skeleton":13,"stat.pickup.harvestcraft.amaranthitem":34,"stat.killEntity.Chicken":2,"stat.killEntity.Spider":5,"stat.mineBlock.minecraft.leaves":11,"stat.mineBlock.minecraft.redstone_ore":77,"stat.mineBlock.harvestcraft.soggygarden":1,"stat.mineBlock.minecraft.stone":1545}