{"stat.leaveGame":30,"stat.useItem.harvestcraft.amaranthitem":4,"stat.craftItem.minecraft.iron_axe":2,"stat.mineBlock.basemetals.copper_ore":2,"stat.craftItem.spartanweaponry.greatsword_stone":1,"stat.useItem.minecraft.planks":9,"stat.pickup.minecraft.porkchop":65,"stat.pickup.tetra.journal":1,"stat.pickup.harvestcraft.calamarirawitem":2,"stat.useItem.minecraft.water_bucket":29,"stat.pickup.minecraft.rotten_flesh":102,"stat.pickup.minecraft.sand":53,"stat.craftItem.minecraft.stone_axe":1,"stat.pickup.harvestcraft.sweetpotatoitem":2,"stat.useItem.minecraft.birch_boat":5,"stat.pickup.futuremc.stripped_birch_log":2,"stat.pickup.harvestcraft.wintersquashitem":13,"stat.killEntity.Enderman":1,"stat.pickup.spartanweaponry.greatsword_stone":1,"stat.pickup.harvestcraft.radishitem":1,"stat.craftItem.minecraft.iron_shovel":1,"stat.mineBlock.minecraft.sand":53,"stat.killEntity.Witch":1,"stat.pickup.harvestcraft.scallionitem":2,"stat.craftItem.spartanshields.shield_basic_wood":1,"stat.drop.harvestcraft.radishitem":1,"stat.hopperInspected":5,"stat.useItem.minecraft.iron_pickaxe":830,"stat.craftItem.minecraft.wooden_pickaxe":1,"stat.useItem.minecraft.iron_shovel":263,"stat.pickup.harvestcraft.rhubarbitem":2,"stat.mineBlock.basemetals.nickel_ore":4,"stat.pickup.harvestcraft.onionitem":33,"stat.mineBlock.minecraft.vine":27,"stat.mineBlock.minecraft.hopper":1,"stat.furnaceInteraction":89,"stat.mineBlock.minecraft.rail":12,"stat.craftItem.spartanweaponry.material":12,"stat.killEntity.ZombieVillager":4,"stat.pickup.harvestcraft.cornitem":41,"stat.mineBlock.futuremc.cornflower":1,"stat.useItem.harvestcraft.leekitem":1,"stat.pickup.basemetals.zinc_ore":2,"stat.pickup.harvestcraft.turnipitem":5,"stat.useItem.minecraft.cooked_mutton":13,"stat.mineBlock.harvestcraft.windygarden":105,"stat.craftItem.futuremc.dye":3,"stat.craftItem.spartanweaponry.dagger_stone":4,"stat.mineBlock.minecraft.fence":10,"stat.craftItem.tetra.duplex_tool_modular":1,"stat.pickup.minecraft.pumpkin_seeds":2,"stat.pickup.basemetals.nickel_ore":4,"stat.useItem.tetra.duplex_tool_modular":972,"stat.useItem.minecraft.dye":55,"stat.pickup.basemetals.copper_ore":2,"stat.deaths":3,"stat.pickup.minecraft.egg":9,"stat.playOneMinute":393172,"stat.craftItem.minecraft.iron_pickaxe":6,"stat.craftItem.craftingstation.crafting_station":1,"stat.pickup.packedup.ironbackpack":1,"stat.mineBlock.minecraft.tallgrass":84,"stat.craftItem.minecraft.cooked_mutton":19,"stat.pickup.bountifulbaubles.potionwormhole":3,"stat.chestOpened":131,"stat.useItem.minecraft.splash_potion":1,"stat.pickup.harvestcraft.tomatoitem":1,"stat.useItem.minecraft.stone":29,"stat.pickup.minecraft.arrow":9,"stat.drop.minecraft.flint":1,"stat.craftItem.minecraft.coal":1,"stat.pickup.harvestcraft.chilipepperitem":21,"stat.drop.minecraft.iron_pickaxe":1,"stat.fallOneCm":84948,"stat.pickup.minecraft.carrot":15,"stat.pickup.minecraft.melon_seeds":3,"stat.pickup.basemetals.silver_ore":10,"stat.crouchOneCm":7925,"stat.useItem.harvestcraft.chilipepperitem":2,"stat.pickup.minecraft.rail":21,"stat.mineBlock.minecraft.chest":7,"stat.craftItem.minecraft.iron_ingot":87,"stat.craftItem.minecraft.chest":7,"stat.useItem.harvestcraft.bellpepperitem":3,"stat.pickup.harvestcraft.walnutitem":6,"stat.craftItem.minecraft.hopper":3,"stat.craftingTableInteraction":105,"stat.craftItem.harvestcraft.teaseeditem":93,"stat.useItem.minecraft.furnace":1,"stat.pickup.minecraft.birch_boat":2,"stat.pickup.minecraft.dye":419,"stat.drop.harvestcraft.cucumberitem":2,"stat.pickup.minecraft.planks":148,"stat.useItem.harvestcraft.lettuceitem":1,"stat.killEntity.Llama":9,"stat.pickup.minecraft.wheat_seeds":16,"stat.mineBlock.minecraft.gravel":16,"stat.useItem.minecraft.stone_pickaxe":131,"stat.craftItem.minecraft.iron_leggings":1,"stat.useItem.minecraft.wool":2,"stat.mineBlock.basemetals.silver_ore":8,"stat.mineBlock.minecraft.dirt":247,"stat.craftItem.minecraft.leather":5,"stat.craftItem.securitycraft.dirt_mine":3,"stat.useItem.minecraft.torch":340,"stat.useItem.minecraft.bread":4,"stat.useItem.spartanweaponry.dagger_stone":37,"stat.pickup.tetra.duplex_tool_modular":1,"stat.drop.minecraft.rotten_flesh":1,"stat.pickup.minecraft.crafting_table":2,"stat.useItem.minecraft.log":2,"stat.useItem.minecraft.cobblestone":401,"stat.craftItem.minecraft.crafting_table":8,"stat.useItem.minecraft.gravel":1,"stat.mineBlock.minecraft.double_plant":2,"stat.craftItem.spartanweaponry.halberd_nickel":2,"stat.pickup.basemetals.mercury_ore":2,"stat.pickup.minecraft.log":44,"stat.useItem.harvestcraft.sweetpotatoitem":2,"stat.pickup.minecraft.iron_pickaxe":3,"stat.craftItem.minecraft.gold_ingot":8,"stat.drop.minecraft.sapling":2,"stat.pickup.minecraft.hopper":1,"stat.pickup.minecraft.sapling":16,"stat.pickup.minecraft.apple":1,"stat.craftItem.spartanweaponry.mace_stone":1,"stat.pickup.harvestcraft.parsnipitem":31,"stat.craftItem.minecraft.bucket":1,"stat.craftItem.minecraft.planks":168,"stat.useItem.minecraft.iron_sword":42,"stat.pickup.futuremc.cornflower":2,"stat.drop.comforts.sleeping_bag":1,"stat.mineBlock.minecraft.log":44,"stat.mineBlock.basemetals.zinc_ore":2,"stat.pickup.artifacts.flame_pendant":2,"stat.craftItem.minecraft.paper":3,"stat.pickup.harvestcraft.juteitem":2,"stat.sneakTime":5210,"stat.pickup.harvestcraft.tealeafitem":167,"stat.pickup.minecraft.wool":17,"stat.useItem.minecraft.wooden_axe":27,"stat.pickup.minecraft.stone_slab":7,"stat.pickup.minecraft.yellow_flower":4,"stat.pickup.minecraft.chest":10,"stat.craftItem.minecraft.enchanting_table":1,"stat.pickup.minecraft.bone":18,"stat.craftItem.packedup.ironbackpack":1,"stat.useItem.minecraft.iron_axe":137,"stat.mineBlock.minecraft.cobblestone":103,"stat.pickup.minecraft.flint":2,"stat.craftItem.minecraft.wool":2,"stat.pickup.basemetals.lead_ore":9,"stat.swimOneCm":82409,"stat.craftItem.basemetals.silver_ingot":6,"stat.climbOneCm":60149,"stat.pickup.harvestcraft.artichokeitem":41,"stat.craftItem.securitycraft.mine":3,"stat.drop.minecraft.cobblestone":2,"stat.useItem.harvestcraft.strawberryitem":1,"stat.useItem.securitycraft.dirt_mine":1,"stat.useItem.harvestcraft.teaseeditem":88,"stat.useItem.minecraft.dirt":213,"stat.useItem.harvestcraft.tomatoitem":1,"stat.useItem.minecraft.stone_slab2":93,"stat.useItem.harvestcraft.barleyitem":2,"stat.pickup.minecraft.iron_boots":1,"stat.useItem.harvestcraft.wintersquashitem":2,"stat.craftItem.minecraft.furnace":5,"stat.killEntity.artifacts.mimic":3,"stat.useItem.minecraft.egg":18,"stat.craftItem.minecraft.iron_boots":1,"stat.craftItem.minecraft.spruce_boat":1,"stat.craftItem.minecraft.stone_pickaxe":1,"stat.mineBlock.minecraft.obsidian":4,"stat.pickup.minecraft.cobblestone":969,"stat.mineBlock.minecraft.clay":4,"stat.useItem.harvestcraft.juteitem":2,"stat.flyOneCm":422137,"stat.pickup.minecraft.fish":1,"stat.pickup.spartanweaponry.dagger_stone":3,"stat.drop.minecraft.wheat_seeds":4,"stat.pickup.harvestcraft.leekitem":1,"stat.pickup.minecraft.redstone":412,"stat.mineBlock.minecraft.iron_ore":245,"stat.craftItem.minecraft.book":1,"stat.timeSinceDeath":352096,"stat.useItem.harvestcraft.peanutitem":3,"stat.pickup.minecraft.mutton":19,"stat.pickup.minecraft.mossy_cobblestone":29,"stat.killEntity.Bat":3,"stat.useItem.minecraft.potato":1,"stat.useItem.harvestcraft.cornitem":1,"stat.pickup.minecraft.stonebrick":28,"stat.drop.spartanweaponry.greatsword_stone":1,"stat.useItem.minecraft.cooked_porkchop":12,"stat.mineBlock.basemetals.mercury_ore":2,"stat.mineBlock.minecraft.coal_ore":135,"stat.killEntity.Creeper":9,"stat.talkedToVillager":2,"stat.pickup.minecraft.string":18,"stat.craftItem.packedup.basicbackpack":1,"stat.pickup.comforts.sleeping_bag":3,"stat.pickup.spartanweaponry.material":1,"stat.mineBlock.minecraft.ladder":3,"stat.entityKilledBy.Skeleton":2,"stat.useItem.spartanweaponry.mace_stone":135,"stat.craftItem.minecraft.stone_slab2":0,"stat.killEntity.Squid":1,"stat.sprintOneCm":754995,"stat.mineBlock.minecraft.stone_slab":6,"stat.craftItem.minecraft.stick":176,"stat.craftItem.minecraft.wooden_axe":1,"stat.useItem.minecraft.stone_slab":9,"stat.mineBlock.harvestcraft.pamwalnut":3,"stat.craftItem.minecraft.stone":44,"stat.mineBlock.minecraft.diamond_ore":6,"stat.pickup.harvestcraft.barleyitem":34,"stat.mineBlock.minecraft.crafting_table":1,"stat.useItem.minecraft.diamond_pickaxe":8,"stat.useItem.minecraft.carrot":3,"stat.useItem.minecraft.wheat":5,"stat.pickup.harvestcraft.mustardseedsitem":24,"stat.drop.harvestcraft.spiceleafitem":1,"stat.mineBlock.minecraft.planks":59,"stat.pickup.tetra.geode":1,"stat.drop":19,"stat.pickup.harvestcraft.flaxitem":11,"stat.killEntity.Sheep":14,"stat.useItem.minecraft.ladder":15,"stat.pickup.minecraft.slime_ball":2,"stat.craftItem.minecraft.diamond_pickaxe":1,"stat.killEntity.Zombie":545,"stat.craftItem.minecraft.dye":62,"stat.mineBlock.tetra.workbench":1,"stat.craftItem.basemetals.zinc_ingot":2,"stat.mineBlock.minecraft.gold_ore":20,"stat.diveOneCm":84882,"stat.pickup.minecraft.wheat":24,"stat.pickup.harvestcraft.garlicitem":3,"stat.mineBlock.minecraft.mossy_cobblestone":29,"stat.useItem.spartanweaponry.halberd_nickel":199,"stat.craftItem.minecraft.ladder":15,"stat.pickup.minecraft.gravel":23,"stat.craftItem.minecraft.cooked_porkchop":12,"stat.killEntity.Slime":1,"stat.useItem.minecraft.apple":1,"stat.pickup.minecraft.obsidian":4,"stat.useItem.minecraft.porkchop":3,"stat.useItem.minecraft.rotten_flesh":121,"stat.jump":3766,"stat.pickup.minecraft.fence":12,"stat.pickup.minecraft.coal":135,"stat.drop.bountifulbaubles.potionwormhole":4,"stat.pickup.minecraft.iron_helmet":1,"stat.pickup.minecraft.iron_ingot":154,"stat.craftItem.minecraft.birch_boat":3,"stat.useItem.minecraft.stone_axe":94,"stat.pickup.minecraft.gunpowder":14,"stat.pickup.harvestcraft.peanutitem":19,"stat.mineBlock.harvestcraft.shadedgarden":7,"stat.craftItem.minecraft.torch":296,"stat.pickup.minecraft.dirt":343,"stat.craftItem.minecraft.iron_helmet":1,"stat.pickup.harvestcraft.bellpepperitem":27,"stat.craftItem.comforts.sleeping_bag":2,"stat.pickup.minecraft.iron_ore":324,"stat.useItem.minecraft.glass":4,"stat.boatOneCm":92079,"stat.useItem.minecraft.sapling":2,"stat.pickup.minecraft.gold_ore":32,"stat.mineBlock.minecraft.lapis_ore":34,"stat.damageTaken":3234,"stat.pickup.minecraft.leather":10,"stat.useItem.harvestcraft.flaxitem":5,"stat.mineBlock.minecraft.torch":41,"stat.craftItem.basemetals.lead_ingot":1,"stat.useItem.minecraft.wooden_pickaxe":3,"stat.useItem.harvestcraft.radishitem":3,"stat.useItem.spartanweaponry.greatsword_stone":132,"stat.pickup.basemetals.zinc_ingot":4,"stat.pickup.minecraft.reeds":8,"stat.pickup.artifacts.thorn_pendant":2,"stat.pickup.minecraft.potato":22,"stat.entityKilledBy.Zombie":1,"stat.damageDealt":58177,"stat.craftItem.minecraft.glass":8,"stat.mineBlock.futuremc.stripped_birch_log":2,"stat.sleepInBed":12,"stat.pickup.harvestcraft.lettuceitem":29,"stat.pickup.minecraft.minecart":4,"stat.useItem.tetra.sword_modular":426,"stat.killEntity.Pig":28,"stat.pickup.artifacts.shiny_red_balloon":2,"stat.pickup.harvestcraft.elderberryitem":14,"stat.craftItem.minecraft.iron_sword":1,"stat.useItem.harvestcraft.onionitem":1,"stat.craftItem.minecraft.stone_slab":6,"stat.walkOneCm":720369,"stat.useItem.minecraft.chest":4,"stat.pickup.minecraft.stick":10,"stat.pickup.minecraft.clay_ball":16,"stat.useItem.minecraft.lava_bucket":12,"stat.useItem.minecraft.spruce_boat":1,"stat.pickup.minecraft.tnt":3,"stat.pickup.harvestcraft.spiceleafitem":1,"stat.pickup.minecraft.stone":132,"stat.useItem.harvestcraft.scallionitem":2,"stat.craftItem.minecraft.iron_chestplate":1,"stat.mineBlock.minecraft.wool":2,"stat.pickup.minecraft.ender_pearl":1,"stat.pickup.minecraft.ladder":5,"stat.killEntity.futuremc:salmon":1,"stat.pickup.minecraft.gold_ingot":3,"stat.killEntity.Skeleton":9,"stat.pickup.harvestcraft.amaranthitem":34,"stat.mineBlock.minecraft.stonebrick":27,"stat.useItem.harvestcraft.parsnipitem":5,"stat.killEntity.Chicken":2,"stat.pickup.harvestcraft.cucumberitem":35,"stat.killEntity.Spider":4,"stat.pickup.harvestcraft.strawberryitem":25,"stat.mobKills":641,"stat.mineBlock.basemetals.lead_ore":5,"stat.pickup.minecraft.diamond":6,"stat.mineBlock.minecraft.leaves":2,"stat.pickup.minecraft.iron_horse_armor":3,"stat.pickup.minecraft.torch":77,"stat.mineBlock.minecraft.redstone_ore":58,"stat.mineBlock.minecraft.stone":1018}