{"stat.pickup.minecraft.bone":4,"stat.useItem.minecraft.iron_axe":35,"stat.leaveGame":23,"stat.mineBlock.minecraft.cobblestone":1,"stat.mineBlock.minecraft.yellow_flower":1,"stat.craftItem.minecraft.iron_axe":1,"stat.mineBlock.basemetals.copper_ore":8,"stat.pickup.basemetals.lead_ore":6,"stat.swimOneCm":37501,"stat.useItem.minecraft.planks":40,"stat.climbOneCm":4184,"stat.craftItem.minecraft.shield":1,"stat.mineBlock.minecraft.web":1,"stat.pickup.minecraft.porkchop":93,"stat.useItem.minecraft.dirt":32,"stat.useItem.minecraft.stone_slab2":14,"stat.pickup.minecraft.rotten_flesh":4,"stat.craftItem.minecraft.furnace":1,"stat.useItem.minecraft.egg":2,"stat.craftItem.minecraft.stone_axe":1,"stat.craftItem.minecraft.iron_boots":1,"stat.craftItem.minecraft.stone_pickaxe":1,"stat.pickup.minecraft.cobblestone":100,"stat.craftItem.minecraft.stone_sword":1,"stat.flyOneCm":419138,"stat.pickup.spartanweaponry.dagger_stone":4,"stat.pickup.minecraft.redstone":2,"stat.mineBlock.minecraft.iron_ore":73,"stat.timeSinceDeath":113192,"stat.useItem.minecraft.iron_pickaxe":235,"stat.craftItem.minecraft.wooden_pickaxe":2,"stat.pickup.minecraft.mutton":1,"stat.craftItem.minecraft.bed":1,"stat.pickup.minecraft.wooden_axe":1,"stat.furnaceInteraction":65,"stat.useItem.minecraft.cooked_porkchop":77,"stat.killEntity.ZombieVillager":1,"stat.mineBlock.minecraft.coal_ore":102,"stat.pickup.minecraft.string":1,"stat.pickup.spartanweaponry.material":1,"stat.pickup.minecraft.beef":1,"stat.pickup.minecraft.furnace":2,"stat.craftItem.minecraft.stone_slab2":0,"stat.sprintOneCm":281268,"stat.craftItem.minecraft.stick":40,"stat.craftItem.minecraft.wooden_axe":1,"stat.pickup.harvestcraft.barleyitem":2,"stat.mineBlock.minecraft.crafting_table":3,"stat.pickup.basemetals.copper_ore":8,"stat.entityKilledBy.Creeper":1,"stat.deaths":5,"stat.mineBlock.minecraft.planks":2,"stat.pickup.minecraft.egg":4,"stat.playOneMinute":154250,"stat.killEntity.Sheep":1,"stat.craftItem.minecraft.iron_pickaxe":2,"stat.killEntity.Zombie":2,"stat.mineBlock.minecraft.tallgrass":19,"stat.diveOneCm":39108,"stat.pickup.bountifulbaubles.potionwormhole":4,"stat.chestOpened":11,"stat.pickup.minecraft.gravel":5,"stat.pickup.minecraft.arrow":5,"stat.craftItem.minecraft.cooked_porkchop":77,"stat.useItem.minecraft.porkchop":7,"stat.pickup.harvestcraft.chilipepperitem":1,"stat.useItem.minecraft.rotten_flesh":1,"stat.jump":2753,"stat.pickup.minecraft.coal":102,"stat.fallOneCm":67304,"stat.useItem.minecraft.stone_axe":97,"stat.crouchOneCm":3969,"stat.useItem.harvestcraft.chilipepperitem":1,"stat.craftItem.minecraft.iron_ingot":68,"stat.craftItem.minecraft.torch":80,"stat.craftItem.minecraft.chest":2,"stat.pickup.minecraft.dirt":52,"stat.craftItem.minecraft.iron_helmet":1,"stat.useItem.minecraft.cooked_chicken":10,"stat.craftingTableInteraction":113,"stat.pickup.minecraft.iron_ore":76,"stat.mineBlock.minecraft.leaves2":1,"stat.pickup.minecraft.wooden_pickaxe":1,"stat.mineBlock.minecraft.log2":17,"stat.damageTaken":2965,"stat.pickup.minecraft.feather":8,"stat.mineBlock.minecraft.furnace":2,"stat.mineBlock.minecraft.torch":15,"stat.useItem.minecraft.wooden_pickaxe":42,"stat.pickup.minecraft.log2":19,"stat.pickup.minecraft.planks":26,"stat.pickup.minecraft.wheat_seeds":1,"stat.entityKilledBy.Zombie":3,"stat.mineBlock.minecraft.gravel":5,"stat.useItem.minecraft.stone_pickaxe":24,"stat.craftItem.minecraft.iron_leggings":1,"stat.damageDealt":6267,"stat.sleepInBed":3,"stat.killEntity.Cow":1,"stat.mineBlock.minecraft.dirt":30,"stat.killEntity.Pig":48,"stat.pickup.harvestcraft.elderberryitem":4,"stat.craftItem.minecraft.iron_sword":1,"stat.craftItem.minecraft.leather":1,"stat.walkOneCm":378595,"stat.useItem.minecraft.torch":19,"stat.useItem.spartanweaponry.dagger_stone":37,"stat.useItem.minecraft.chest":1,"stat.pickup.minecraft.crafting_table":3,"stat.useItem.minecraft.cobblestone":24,"stat.craftItem.minecraft.crafting_table":1,"stat.pickup.minecraft.log":50,"stat.pickup.minecraft.stone":5,"stat.craftItem.minecraft.iron_chestplate":1,"stat.pickup.minecraft.chicken":10,"stat.pickup.minecraft.sapling":5,"stat.killEntity.Skeleton":3,"stat.craftItem.minecraft.planks":224,"stat.useItem.minecraft.iron_sword":47,"stat.killEntity.Chicken":10,"stat.mobKills":66,"stat.mineBlock.minecraft.log":38,"stat.mineBlock.basemetals.lead_ore":6,"stat.craftItem.minecraft.cooked_chicken":10,"stat.useItem.harvestcraft.elderberryitem":4,"stat.mineBlock.minecraft.leaves":11,"stat.pickup.minecraft.torch":15,"stat.sneakTime":1064,"stat.pickup.minecraft.wool":1,"stat.useItem.minecraft.wooden_axe":21,"stat.pickup.minecraft.yellow_flower":1,"stat.craftItem.minecraft.brick":16,"stat.mineBlock.minecraft.stone":103}