{"stat.pickup.minecraft.bone":3,"stat.useItem.minecraft.iron_axe":35,"stat.leaveGame":20,"stat.mineBlock.minecraft.cobblestone":1,"stat.mineBlock.minecraft.yellow_flower":1,"stat.craftItem.minecraft.iron_axe":1,"stat.mineBlock.basemetals.copper_ore":8,"stat.swimOneCm":21829,"stat.useItem.minecraft.planks":24,"stat.climbOneCm":4184,"stat.mineBlock.minecraft.web":1,"stat.pickup.minecraft.porkchop":93,"stat.useItem.minecraft.dirt":10,"stat.useItem.minecraft.stone_slab2":10,"stat.pickup.minecraft.rotten_flesh":4,"stat.craftItem.minecraft.furnace":1,"stat.useItem.minecraft.egg":2,"stat.craftItem.minecraft.stone_axe":1,"stat.craftItem.minecraft.stone_pickaxe":1,"stat.pickup.minecraft.cobblestone":58,"stat.craftItem.minecraft.stone_sword":1,"stat.flyOneCm":336002,"stat.pickup.spartanweaponry.dagger_stone":4,"stat.pickup.minecraft.redstone":2,"stat.mineBlock.minecraft.iron_ore":10,"stat.timeSinceDeath":85027,"stat.useItem.minecraft.iron_pickaxe":85,"stat.craftItem.minecraft.wooden_pickaxe":2,"stat.pickup.minecraft.mutton":1,"stat.craftItem.minecraft.bed":1,"stat.pickup.minecraft.wooden_axe":1,"stat.furnaceInteraction":59,"stat.useItem.minecraft.cooked_porkchop":66,"stat.killEntity.ZombieVillager":1,"stat.mineBlock.minecraft.coal_ore":70,"stat.pickup.minecraft.string":1,"stat.pickup.spartanweaponry.material":1,"stat.pickup.minecraft.furnace":2,"stat.craftItem.minecraft.stone_slab2":0,"stat.sprintOneCm":238902,"stat.craftItem.minecraft.stick":16,"stat.craftItem.minecraft.wooden_axe":1,"stat.pickup.harvestcraft.barleyitem":2,"stat.mineBlock.minecraft.crafting_table":3,"stat.pickup.basemetals.copper_ore":8,"stat.entityKilledBy.Creeper":1,"stat.deaths":5,"stat.mineBlock.minecraft.planks":2,"stat.pickup.minecraft.egg":4,"stat.playOneMinute":126085,"stat.killEntity.Sheep":1,"stat.craftItem.minecraft.iron_pickaxe":1,"stat.killEntity.Zombie":2,"stat.mineBlock.minecraft.tallgrass":15,"stat.diveOneCm":25663,"stat.pickup.bountifulbaubles.potionwormhole":4,"stat.chestOpened":6,"stat.pickup.minecraft.arrow":4,"stat.craftItem.minecraft.cooked_porkchop":77,"stat.useItem.minecraft.porkchop":7,"stat.pickup.harvestcraft.chilipepperitem":1,"stat.useItem.minecraft.rotten_flesh":1,"stat.jump":2290,"stat.pickup.minecraft.coal":70,"stat.fallOneCm":56779,"stat.useItem.minecraft.stone_axe":97,"stat.crouchOneCm":2618,"stat.craftItem.minecraft.iron_ingot":10,"stat.pickup.minecraft.dirt":33,"stat.useItem.minecraft.cooked_chicken":3,"stat.craftingTableInteraction":108,"stat.pickup.minecraft.iron_ore":13,"stat.mineBlock.minecraft.leaves2":1,"stat.pickup.minecraft.wooden_pickaxe":1,"stat.mineBlock.minecraft.log2":17,"stat.damageTaken":2505,"stat.pickup.minecraft.feather":8,"stat.mineBlock.minecraft.furnace":2,"stat.mineBlock.minecraft.torch":14,"stat.useItem.minecraft.wooden_pickaxe":42,"stat.pickup.minecraft.log2":19,"stat.pickup.minecraft.planks":26,"stat.pickup.minecraft.wheat_seeds":1,"stat.entityKilledBy.Zombie":3,"stat.useItem.minecraft.stone_pickaxe":24,"stat.damageDealt":5921,"stat.sleepInBed":2,"stat.mineBlock.minecraft.dirt":11,"stat.killEntity.Pig":48,"stat.pickup.harvestcraft.elderberryitem":4,"stat.craftItem.minecraft.iron_sword":1,"stat.craftItem.minecraft.leather":1,"stat.walkOneCm":333366,"stat.useItem.minecraft.torch":7,"stat.useItem.spartanweaponry.dagger_stone":37,"stat.pickup.minecraft.crafting_table":3,"stat.craftItem.minecraft.crafting_table":1,"stat.pickup.minecraft.log":50,"stat.pickup.minecraft.stone":2,"stat.pickup.minecraft.chicken":10,"stat.pickup.minecraft.sapling":5,"stat.killEntity.Skeleton":2,"stat.craftItem.minecraft.planks":156,"stat.useItem.minecraft.iron_sword":31,"stat.killEntity.Chicken":10,"stat.mobKills":64,"stat.mineBlock.minecraft.log":38,"stat.craftItem.minecraft.cooked_chicken":10,"stat.mineBlock.minecraft.leaves":10,"stat.pickup.minecraft.torch":14,"stat.sneakTime":764,"stat.pickup.minecraft.wool":1,"stat.useItem.minecraft.wooden_axe":21,"stat.pickup.minecraft.yellow_flower":1,"stat.mineBlock.minecraft.stone":58}