{"stat.pickup.minecraft.bone":7,"stat.pickup.minecraft.wooden_slab":1,"stat.useItem.minecraft.iron_axe":41,"stat.leaveGame":20,"stat.mineBlock.minecraft.cobblestone":8,"stat.pickup.minecraft.flint":1,"stat.craftItem.minecraft.iron_axe":1,"stat.craftItem.minecraft.wool":1,"stat.swimOneCm":89505,"stat.useItem.minecraft.planks":285,"stat.craftItem.minecraft.shield":1,"stat.climbOneCm":8757,"stat.mineBlock.minecraft.spruce_stairs":4,"stat.pickup.minecraft.porkchop":23,"stat.useItem.minecraft.dirt":258,"stat.useItem.minecraft.stone_slab2":186,"stat.useItem.minecraft.water_bucket":6,"stat.pickup.minecraft.rotten_flesh":14,"stat.pickup.minecraft.sand":489,"stat.craftItem.minecraft.furnace":1,"stat.entityKilledBy.Spider":2,"stat.craftItem.minecraft.stone_axe":8,"stat.craftItem.minecraft.stone_pickaxe":3,"stat.craftItem.minecraft.cooked_beef":5,"stat.pickup.minecraft.cobblestone":81,"stat.mineBlock.minecraft.wooden_slab":1,"stat.useItem.minecraft.stone_shovel":687,"stat.flyOneCm":393538,"stat.pickup.minecraft.sandstone":2,"stat.mineBlock.minecraft.sand":479,"stat.pickup.minecraft.fish":1,"stat.drop.minecraft.wheat_seeds":1,"stat.craftItem.minecraft.wooden_slab":12,"stat.useItem.minecraft.cooked_beef":6,"stat.mineBlock.futuremc.stripped_oak_log":1,"stat.mineBlock.minecraft.iron_ore":12,"stat.timeSinceDeath":23592,"stat.drop.minecraft.log":1,"stat.craftItem.minecraft.wooden_pickaxe":1,"stat.useItem.minecraft.wooden_slab":10,"stat.useItem.minecraft.oak_stairs":5,"stat.furnaceInteraction":90,"stat.useItem.minecraft.cooked_porkchop":16,"stat.mineBlock.minecraft.coal_ore":25,"stat.craftItem.minecraft.stone_hoe":1,"stat.pickup.minecraft.string":5,"stat.pickup.minecraft.beef":9,"stat.pickup.minecraft.furnace":3,"stat.entityKilledBy.Skeleton":2,"stat.craftItem.minecraft.stone_slab2":0,"stat.sprintOneCm":474058,"stat.pickup.futuremc.stripped_oak_log":2,"stat.craftItem.minecraft.stick":156,"stat.useItem.minecraft.wheat_seeds":14,"stat.mineBlock.minecraft.crafting_table":5,"stat.useItem.minecraft.wheat":9,"stat.useItem.minecraft.dye":15,"stat.entityKilledBy.Creeper":2,"stat.deaths":9,"stat.mineBlock.minecraft.planks":59,"stat.drop":4,"stat.playOneMinute":259605,"stat.useItem.minecraft.ladder":5,"stat.craftItem.minecraft.iron_pickaxe":1,"stat.killEntity.Zombie":14,"stat.craftItem.minecraft.dye":18,"stat.mineBlock.minecraft.tallgrass":27,"stat.diveOneCm":60447,"stat.pickup.minecraft.wheat":9,"stat.chestOpened":92,"stat.craftItem.minecraft.ladder":36,"stat.useItem.minecraft.fish":1,"stat.useItem.minecraft.stone":9,"stat.pickup.minecraft.gravel":4,"stat.pickup.minecraft.arrow":9,"stat.craftItem.minecraft.cooked_porkchop":16,"stat.useItem.minecraft.apple":12,"stat.useItem.minecraft.porkchop":7,"stat.craftItem.minecraft.coal":11,"stat.useItem.minecraft.rotten_flesh":12,"stat.jump":3184,"stat.useItem.minecraft.sand":393,"stat.pickup.minecraft.coal":27,"stat.fallOneCm":63745,"stat.drop.minecraft.dye":2,"stat.useItem.minecraft.stone_axe":820,"stat.crouchOneCm":7637,"stat.pickup.minecraft.spider_eye":3,"stat.craftItem.minecraft.iron_ingot":12,"stat.craftItem.minecraft.torch":44,"stat.craftItem.minecraft.chest":2,"stat.pickup.minecraft.dirt":453,"stat.craftingTableInteraction":44,"stat.pickup.minecraft.iron_ore":12,"stat.useItem.minecraft.glass":17,"stat.useItem.minecraft.sapling":75,"stat.damageTaken":2720,"stat.pickup.minecraft.leather":4,"stat.mineBlock.minecraft.furnace":3,"stat.mineBlock.minecraft.red_flower":1,"stat.mineBlock.minecraft.torch":6,"stat.useItem.minecraft.wooden_pickaxe":35,"stat.mineBlock.minecraft.sapling":41,"stat.pickup.minecraft.dye":2,"stat.pickup.minecraft.planks":69,"stat.pickup.minecraft.wheat_seeds":21,"stat.entityKilledBy.Zombie":1,"stat.mineBlock.minecraft.gravel":5,"stat.useItem.minecraft.stone_pickaxe":117,"stat.mineBlock.minecraft.glass":1,"stat.damageDealt":6379,"stat.craftItem.minecraft.glass":41,"stat.craftItem.minecraft.oak_stairs":8,"stat.killEntity.Cow":4,"stat.mineBlock.minecraft.dirt":338,"stat.killEntity.Pig":12,"stat.craftItem.minecraft.stone_shovel":6,"stat.walkOneCm":485919,"stat.useItem.minecraft.torch":27,"stat.pickup.minecraft.crafting_table":5,"stat.useItem.minecraft.log":37,"stat.useItem.minecraft.cobblestone":24,"stat.craftItem.minecraft.crafting_table":2,"stat.useItem.minecraft.gravel":3,"stat.pickup.minecraft.log":420,"stat.useItem.minecraft.spruce_stairs":6,"stat.pickup.minecraft.stone":14,"stat.pickup.minecraft.sapling":210,"stat.pickup.minecraft.apple":12,"stat.pickup.minecraft.cooked_beef":1,"stat.killEntity.futuremc:salmon":1,"stat.killEntity.Skeleton":3,"stat.craftItem.minecraft.bucket":1,"stat.craftItem.minecraft.planks":1456,"stat.killEntity.Spider":3,"stat.mobKills":39,"stat.mineBlock.minecraft.log":414,"stat.craftItem.minecraft.wooden_door":3,"stat.useItem.minecraft.stone_hoe":46,"stat.useItem.minecraft.wooden_door":1,"stat.mineBlock.minecraft.leaves":374,"stat.pickup.minecraft.torch":10,"stat.pickup.minecraft.spruce_stairs":4,"stat.pickup.minecraft.red_flower":1,"stat.sneakTime":2569,"stat.craftItem.minecraft.spruce_stairs":4,"stat.useItem.minecraft.wooden_axe":28,"stat.mineBlock.minecraft.stone":78}