{"stat.pickup.minecraft.wooden_slab":19,"stat.leaveGame":22,"stat.craftItem.minecraft.iron_axe":1,"stat.mineBlock.basemetals.copper_ore":1,"stat.useItem.basemetals.tin_pickaxe":55,"stat.mineBlock.minecraft.sandstone":63,"stat.pickup.basemetals.tin_ore":10,"stat.useItem.minecraft.planks":25,"stat.craftItem.minecraft.stone_pressure_plate":1,"stat.pickup.minecraft.porkchop":31,"stat.pickup.minecraft.rotten_flesh":35,"stat.pickup.minecraft.sand":330,"stat.craftItem.minecraft.stone_axe":3,"stat.pickup.harvestcraft.sweetpotatoitem":7,"stat.craftItem.spartanweaponry.boomerang_stone":1,"stat.mineBlock.minecraft.wooden_slab":14,"stat.craftItem.minecraft.cobblestone_wall":6,"stat.useItem.spartanweaponry.boomerang_stone":18,"stat.pickup.harvestcraft.radishitem":3,"stat.craftItem.minecraft.iron_shovel":1,"stat.mineBlock.minecraft.sand":334,"stat.pickup.harvestcraft.scallionitem":1,"stat.useItem.minecraft.iron_pickaxe":968,"stat.craftItem.minecraft.wooden_pickaxe":1,"stat.craftItem.minecraft.iron_door":3,"stat.useItem.minecraft.iron_shovel":250,"stat.pickup.harvestcraft.rhubarbitem":5,"stat.craftItem.minecraft.glass_pane":80,"stat.pickup.spartanshields.shield_tower_wood":1,"stat.pickup.harvestcraft.onionitem":1,"stat.furnaceInteraction":89,"stat.killEntity.ZombieVillager":1,"stat.useItem.harvestcraft.leekitem":2,"stat.pickup.harvestcraft.turnipitem":3,"stat.pickup.basemetals.zinc_ore":2,"stat.pickup.minecraft.beef":3,"stat.useItem.minecraft.cooked_mutton":5,"stat.pickup.minecraft.furnace":2,"stat.mineBlock.harvestcraft.windygarden":7,"stat.useItem.harvestcraft.blackberryitem":3,"stat.pickup.basemetals.copper_ore":1,"stat.deaths":3,"stat.pickup.minecraft.egg":5,"stat.playOneMinute":262168,"stat.mineBlock.minecraft.stone_pressure_plate":1,"stat.craftItem.minecraft.iron_pickaxe":4,"stat.mineBlock.minecraft.tallgrass":18,"stat.craftItem.minecraft.cooked_mutton":5,"stat.chestOpened":38,"stat.pickup.harvestcraft.tomatoitem":4,"stat.pickup.minecraft.arrow":4,"stat.pickup.minecraft.waterlily":1,"stat.drop.minecraft.iron_pickaxe":2,"stat.fallOneCm":46066,"stat.pickup.minecraft.carrot":1,"stat.crouchOneCm":39558,"stat.craftItem.minecraft.iron_ingot":63,"stat.craftItem.minecraft.chest":7,"stat.pickup.harvestcraft.walnutitem":4,"stat.craftingTableInteraction":63,"stat.mineBlock.minecraft.log2":8,"stat.pickup.minecraft.feather":4,"stat.useItem.minecraft.furnace":1,"stat.pickup.minecraft.planks":5,"stat.pickup.minecraft.wheat_seeds":2,"stat.mineBlock.minecraft.gravel":10,"stat.useItem.minecraft.stone_pickaxe":149,"stat.craftItem.minecraft.iron_leggings":1,"stat.mineBlock.minecraft.dirt":121,"stat.useItem.minecraft.torch":70,"stat.useItem.spartanweaponry.dagger_stone":3,"stat.pickup.minecraft.crafting_table":3,"stat.useItem.minecraft.log":16,"stat.useItem.minecraft.cobblestone":272,"stat.craftItem.minecraft.crafting_table":4,"stat.mineBlock.minecraft.double_plant":1,"stat.craftItem.minecraft.boat":2,"stat.pickup.minecraft.log":133,"stat.pickup.harvestcraft.hazelnutitem":4,"stat.pickup.minecraft.iron_pickaxe":2,"stat.craftItem.minecraft.stone_button":1,"stat.pickup.minecraft.chicken":5,"stat.pickup.minecraft.sapling":16,"stat.pickup.minecraft.apple":9,"stat.useItem.minecraft.glass_pane":66,"stat.craftItem.securitycraft.door_indestructible_iron_item":2,"stat.craftItem.spartanshields.shield_tower_wood":2,"stat.pickup.harvestcraft.parsnipitem":2,"stat.craftItem.minecraft.planks":284,"stat.mineBlock.minecraft.log":123,"stat.craftItem.minecraft.cooked_chicken":2,"stat.mineBlock.minecraft.waterlily":1,"stat.mineBlock.basemetals.zinc_ore":2,"stat.craftItem.minecraft.paper":12,"stat.pickup.harvestcraft.juteitem":7,"stat.pickup.minecraft.red_flower":3,"stat.sneakTime":15156,"stat.pickup.harvestcraft.tealeafitem":8,"stat.pickup.minecraft.wool":6,"stat.pickup.minecraft.stone_slab":1,"stat.pickup.minecraft.bone":5,"stat.pickup.minecraft.stone_pressure_plate":1,"stat.useItem.minecraft.iron_axe":154,"stat.mineBlock.minecraft.cobblestone":38,"stat.entityKilledBy.Witch":1,"stat.useItem.harvestcraft.tealeafitem":4,"stat.pickup.basemetals.lead_ore":2,"stat.swimOneCm":50494,"stat.climbOneCm":3807,"stat.pickup.harvestcraft.artichokeitem":1,"stat.drop.minecraft.cobblestone":1,"stat.useItem.minecraft.dirt":16,"stat.useItem.harvestcraft.tomatoitem":4,"stat.useItem.minecraft.stone_slab2":49,"stat.craftItem.minecraft.furnace":3,"stat.craftItem.basemetals.tin_ingot":10,"stat.useItem.minecraft.egg":2,"stat.craftItem.minecraft.iron_boots":1,"stat.craftItem.minecraft.stone_pickaxe":1,"stat.craftItem.minecraft.cooked_beef":3,"stat.pickup.minecraft.cobblestone":765,"stat.useItem.minecraft.stone_shovel":131,"stat.flyOneCm":360782,"stat.pickup.minecraft.sandstone":63,"stat.useItem.minecraft.cooked_beef":3,"stat.craftItem.minecraft.wooden_slab":144,"stat.pickup.harvestcraft.leekitem":2,"stat.mineBlock.minecraft.iron_ore":86,"stat.timeSinceDeath":58581,"stat.useItem.minecraft.wooden_slab":154,"stat.pickup.minecraft.mutton":11,"stat.pickup.harvestcraft.whitemushroomitem":2,"stat.pickup.travelersbackpack.travelers_backpack":1,"stat.pickup.harvestcraft.beanitem":4,"stat.useItem.minecraft.cooked_porkchop":17,"stat.drop.spartanshields.shield_tower_wood":1,"stat.mineBlock.minecraft.coal_ore":154,"stat.pickup.minecraft.string":1,"stat.pickup.comforts.sleeping_bag":2,"stat.entityKilledBy.Skeleton":1,"stat.craftItem.minecraft.stone_slab2":0,"stat.sprintOneCm":329517,"stat.mineBlock.minecraft.stone_slab":1,"stat.craftItem.minecraft.stick":100,"stat.craftItem.minecraft.wooden_axe":1,"stat.mineBlock.harvestcraft.pamwalnut":3,"stat.craftItem.minecraft.stone":112,"stat.mineBlock.harvestcraft.pamapple":10,"stat.pickup.harvestcraft.barleyitem":3,"stat.mineBlock.minecraft.crafting_table":3,"stat.mineBlock.minecraft.planks":5,"stat.drop":4,"stat.pickup.minecraft.stone_button":3,"stat.killEntity.Sheep":6,"stat.killEntity.Zombie":6,"stat.diveOneCm":75032,"stat.pickup.harvestcraft.garlicitem":3,"stat.pickup.minecraft.wheat":2,"stat.mineBlock.basemetals.tin_ore":10,"stat.craftItem.basemetals.tin_pickaxe":2,"stat.mineBlock.minecraft.stone_button":3,"stat.pickup.minecraft.gravel":9,"stat.craftItem.minecraft.cooked_porkchop":17,"stat.pickup.minecraft.stone_axe":1,"stat.useItem.minecraft.apple":6,"stat.useItem.minecraft.rotten_flesh":25,"stat.pickup.harvestcraft.blackberryitem":5,"stat.jump":3312,"stat.useItem.minecraft.sand":27,"stat.pickup.minecraft.coal":181,"stat.useItem.minecraft.stone_axe":205,"stat.mineBlock.harvestcraft.shadedgarden":25,"stat.pickup.harvestcraft.peanutitem":3,"stat.pickup.minecraft.spider_eye":1,"stat.craftItem.minecraft.torch":144,"stat.pickup.minecraft.dirt":144,"stat.craftItem.minecraft.iron_helmet":1,"stat.pickup.harvestcraft.bellpepperitem":1,"stat.useItem.minecraft.cooked_chicken":2,"stat.pickup.harvestcraft.chestnutitem":4,"stat.pickup.minecraft.iron_ore":86,"stat.boatOneCm":107716,"stat.mineBlock.minecraft.glass_pane":2,"stat.damageTaken":1405,"stat.pickup.minecraft.leather":1,"stat.mineBlock.minecraft.torch":12,"stat.mineBlock.minecraft.furnace":2,"stat.useItem.minecraft.wooden_pickaxe":11,"stat.mineBlock.minecraft.sapling":1,"stat.pickup.minecraft.log2":8,"stat.mineBlock.harvestcraft.pamplum":2,"stat.pickup.minecraft.reeds":14,"stat.entityKilledBy.Zombie":1,"stat.damageDealt":5587,"stat.craftItem.minecraft.glass":64,"stat.sleepInBed":5,"stat.pickup.harvestcraft.lettuceitem":1,"stat.killEntity.Cow":2,"stat.killEntity.Pig":12,"stat.craftItem.minecraft.stone_shovel":1,"stat.pickup.minecraft.boat":1,"stat.walkOneCm":499391,"stat.useItem.minecraft.chest":4,"stat.pickup.minecraft.stick":2,"stat.pickup.harvestcraft.spiceleafitem":2,"stat.pickup.minecraft.stone":71,"stat.craftItem.minecraft.iron_chestplate":1,"stat.pickup.harvestcraft.zucchiniitem":6,"stat.killEntity.Skeleton":7,"stat.pickup.harvestcraft.amaranthitem":4,"stat.killEntity.Chicken":5,"stat.pickup.harvestcraft.cucumberitem":1,"stat.killEntity.Spider":2,"stat.mobKills":43,"stat.pickup.harvestcraft.plumitem":2,"stat.mineBlock.basemetals.lead_ore":2,"stat.useItem.minecraft.boat":2,"stat.useItem.minecraft.cobblestone_wall":5,"stat.mineBlock.minecraft.leaves":66,"stat.pickup.minecraft.torch":13,"stat.mineBlock.minecraft.stone":802,"stat.useItem.minecraft.sandstone":11}